# ascissa,ordinata
-0.7405448165081839,11.262716883978168
1.069677559166565,12.32179971999178
11.738722615550202,-3.3197128011038384
12.410591565785213,5.260588277255604
-2.796583904726734,12.12976143098612
-9.973089623617117,-4.299784281365118
-15.332194307049242,-0.16985543188327068
8.50995479883856,11.642578487709574
6.831291597181486,9.425715621030003
-11.951307840853888,-6.9080198955298036
